{
  "timestamp": "2025-11-27 22:44:59",
  "results": [
    {
      "name": "With LRU Cache (n=20)",
      "sample_size": 20,
      "total_time": 2.0882568359375,
      "avg_latency": 0.104412841796875,
      "median_latency": 0.07260167598724365,
      "min_latency": 0.03999638557434082,
      "max_latency": 0.7152454853057861,
      "stdev_latency": 0.14531282007939375,
      "throughput_queries": 9.577365990530192,
      "throughput_tokens": 141.26614836032033,
      "total_tokens": 295,
      "avg_tokens_per_query": 14.75,
      "p95_latency": 0.6849443197250367,
      "p99_latency": 0.7152454853057861,
      "cache_hits": 10,
      "cache_misses": 10,
      "cache_hit_rate": 50.0
    },
    {
      "name": "Without Cache (n=20)",
      "sample_size": 20,
      "total_time": 1.066756010055542,
      "avg_latency": 0.0533378005027771,
      "median_latency": 0.05307507514953613,
      "min_latency": 0.03339195251464844,
      "max_latency": 0.06671309471130371,
      "stdev_latency": 0.008724597454227254,
      "throughput_queries": 18.74842964227469,
      "throughput_tokens": 276.5393372235517,
      "total_tokens": 295,
      "avg_tokens_per_query": 14.75,
      "p95_latency": 0.06665114164352418,
      "p99_latency": 0.06671309471130371,
      "cache_hits": 0,
      "cache_misses": 20,
      "cache_hit_rate": 0.0
    },
    {
      "name": "With LRU Cache (n=40)",
      "sample_size": 40,
      "total_time": 2.0455336570739746,
      "avg_latency": 0.051138341426849365,
      "median_latency": 0.0415496826171875,
      "min_latency": 0.02870965003967285,
      "max_latency": 0.12816143035888672,
      "stdev_latency": 0.023533924084186423,
      "throughput_queries": 19.55479923865826,
      "throughput_tokens": 287.4555488082764,
      "total_tokens": 588,
      "avg_tokens_per_query": 14.7,
      "p95_latency": 0.10625545978546143,
      "p99_latency": 0.12816143035888672,
      "cache_hits": 30,
      "cache_misses": 10,
      "cache_hit_rate": 75.0
    },
    {
      "name": "Without Cache (n=40)",
      "sample_size": 40,
      "total_time": 1.96974515914917,
      "avg_latency": 0.04924362897872925,
      "median_latency": 0.04536294937133789,
      "min_latency": 0.022153377532958984,
      "max_latency": 0.20780515670776367,
      "stdev_latency": 0.0286263783259846,
      "throughput_queries": 20.30719548374368,
      "throughput_tokens": 298.5157736110321,
      "total_tokens": 588,
      "avg_tokens_per_query": 14.7,
      "p95_latency": 0.06596139669418336,
      "p99_latency": 0.20780515670776367,
      "cache_hits": 0,
      "cache_misses": 40,
      "cache_hit_rate": 0.0
    },
    {
      "name": "With LRU Cache (n=60)",
      "sample_size": 60,
      "total_time": 1.9308571815490723,
      "avg_latency": 0.032180953025817874,
      "median_latency": 0.029288768768310547,
      "min_latency": 0.021899938583374023,
      "max_latency": 0.0596010684967041,
      "stdev_latency": 0.009346365926477437,
      "throughput_queries": 31.07428170936169,
      "throughput_tokens": 451.09498948090055,
      "total_tokens": 871,
      "avg_tokens_per_query": 14.516666666666667,
      "p95_latency": 0.054210436344146726,
      "p99_latency": 0.0596010684967041,
      "cache_hits": 50,
      "cache_misses": 10,
      "cache_hit_rate": 83.33333333333334
    },
    {
      "name": "Without Cache (n=60)",
      "sample_size": 60,
      "total_time": 2.6545982360839844,
      "avg_latency": 0.04424330393473307,
      "median_latency": 0.04624366760253906,
      "min_latency": 0.02278900146484375,
      "max_latency": 0.06751346588134766,
      "stdev_latency": 0.010777101339165148,
      "throughput_queries": 22.602290314375754,
      "throughput_tokens": 328.1099143970213,
      "total_tokens": 871,
      "avg_tokens_per_query": 14.516666666666667,
      "p95_latency": 0.05895380973815918,
      "p99_latency": 0.06751346588134766,
      "cache_hits": 0,
      "cache_misses": 60,
      "cache_hit_rate": 0.0
    },
    {
      "name": "With LRU Cache (n=80)",
      "sample_size": 80,
      "total_time": 2.2885665893554688,
      "avg_latency": 0.02860708236694336,
      "median_latency": 0.025880932807922363,
      "min_latency": 0.01967787742614746,
      "max_latency": 0.05808877944946289,
      "stdev_latency": 0.008002182231257685,
      "throughput_queries": 34.95637853497218,
      "throughput_tokens": 518.6652665126497,
      "total_tokens": 1187,
      "avg_tokens_per_query": 14.8375,
      "p95_latency": 0.04986140727996826,
      "p99_latency": 0.05808877944946289,
      "cache_hits": 70,
      "cache_misses": 10,
      "cache_hit_rate": 87.5
    },
    {
      "name": "Without Cache (n=80)",
      "sample_size": 80,
      "total_time": 3.2358548641204834,
      "avg_latency": 0.04044818580150604,
      "median_latency": 0.040009498596191406,
      "min_latency": 0.019806385040283203,
      "max_latency": 0.06055188179016113,
      "stdev_latency": 0.009701683360922532,
      "throughput_queries": 24.72298769856734,
      "throughput_tokens": 366.8273299774929,
      "total_tokens": 1187,
      "avg_tokens_per_query": 14.8375,
      "p95_latency": 0.05629684925079346,
      "p99_latency": 0.06055188179016113,
      "cache_hits": 0,
      "cache_misses": 80,
      "cache_hit_rate": 0.0
    }
  ]
}