{
  "timestamp": "2025-11-28 01:00:58",
  "sample_sizes": [
    10,
    20,
    30,
    50,
    100
  ],
  "base_questions_count": 8,
  "results": [
    {
      "sample_size": 10,
      "strategies": {
        "No Cache": {
          "name": "No Cache",
          "total_queries": 10,
          "total_time": 1.9188387393951416,
          "total_tokens": 4102,
          "avg_latency": 0.19188387393951417,
          "median_latency": 0.03586709499359131,
          "min_latency": 0.024353742599487305,
          "max_latency": 1.1258573532104492,
          "stdev_latency": 0.3617320134240483,
          "avg_tokens_per_query": 410.2,
          "total_tokens_generated": 4102,
          "throughput_queries_per_sec": 5.211485360751165,
          "throughput_tokens_per_sec_aggregate": 2137.751294980128,
          "avg_tokens_per_sec_per_query": 8702.289598848793,
          "median_tokens_per_sec_per_query": 3040.390985017243,
          "cache_hits": 0,
          "cache_misses": 10,
          "cache_hit_rate": 0.0
        },
        "LRU Cache (Basic)": {
          "name": "LRU Cache (Basic)",
          "total_queries": 10,
          "total_time": 0.23111653327941895,
          "total_tokens": 4102,
          "avg_latency": 0.023111653327941895,
          "median_latency": 0.023183822631835938,
          "min_latency": 0.015436172485351562,
          "max_latency": 0.03637528419494629,
          "stdev_latency": 0.005807102969161132,
          "avg_tokens_per_query": 410.2,
          "total_tokens_generated": 4102,
          "throughput_queries_per_sec": 43.268215640419115,
          "throughput_tokens_per_sec_aggregate": 17748.62205569992,
          "avg_tokens_per_sec_per_query": 15770.149267829831,
          "median_tokens_per_sec_per_query": 6595.714217831508,
          "cache_hits": 2,
          "cache_misses": 8,
          "cache_hit_rate": 20.0
        },
        "LRU Cache + Normalizer": {
          "name": "LRU Cache + Normalizer",
          "total_queries": 10,
          "total_time": 0.9564366340637207,
          "total_tokens": 4011,
          "avg_latency": 0.09564366340637206,
          "median_latency": 0.021896958351135254,
          "min_latency": 0.011699199676513672,
          "max_latency": 0.7686760425567627,
          "stdev_latency": 0.2365590342566997,
          "avg_tokens_per_query": 401.1,
          "total_tokens_generated": 4011,
          "throughput_queries_per_sec": 10.455475714592682,
          "throughput_tokens_per_sec_aggregate": 4193.6913091231245,
          "avg_tokens_per_sec_per_query": 18095.55462992206,
          "median_tokens_per_sec_per_query": 6781.617061535768,
          "cache_hits": 4,
          "cache_misses": 6,
          "cache_hit_rate": 40.0
        }
      }
    },
    {
      "sample_size": 20,
      "strategies": {
        "No Cache": {
          "name": "No Cache",
          "total_queries": 20,
          "total_time": 7.3653318881988525,
          "total_tokens": 6734,
          "avg_latency": 0.36826659440994264,
          "median_latency": 0.02310025691986084,
          "min_latency": 0.017400741577148438,
          "max_latency": 6.9219651222229,
          "stdev_latency": 1.5425851769367258,
          "avg_tokens_per_query": 336.7,
          "total_tokens_generated": 6734,
          "throughput_queries_per_sec": 2.7154241388694405,
          "throughput_tokens_per_sec_aggregate": 914.2833075573407,
          "avg_tokens_per_sec_per_query": 15046.916052400076,
          "median_tokens_per_sec_per_query": 1555.4812127042187,
          "cache_hits": 0,
          "cache_misses": 20,
          "cache_hit_rate": 0.0
        },
        "LRU Cache (Basic)": {
          "name": "LRU Cache (Basic)",
          "total_queries": 20,
          "total_time": 2.5146474838256836,
          "total_tokens": 6732,
          "avg_latency": 0.1257323741912842,
          "median_latency": 0.021856188774108887,
          "min_latency": 0.011423826217651367,
          "max_latency": 1.091759443283081,
          "stdev_latency": 0.3225399959392767,
          "avg_tokens_per_query": 336.6,
          "total_tokens_generated": 6732,
          "throughput_queries_per_sec": 7.95340107456048,
          "throughput_tokens_per_sec_aggregate": 2677.114801697058,
          "avg_tokens_per_sec_per_query": 16983.54699095753,
          "median_tokens_per_sec_per_query": 1194.3770210747011,
          "cache_hits": 5,
          "cache_misses": 15,
          "cache_hit_rate": 25.0
        },
        "LRU Cache + Normalizer": {
          "name": "LRU Cache + Normalizer",
          "total_queries": 20,
          "total_time": 2.3348920345306396,
          "total_tokens": 6518,
          "avg_latency": 0.11674460172653198,
          "median_latency": 0.019484400749206543,
          "min_latency": 0.012028694152832031,
          "max_latency": 1.09940767288208,
          "stdev_latency": 0.3013493951093558,
          "avg_tokens_per_query": 325.9,
          "total_tokens_generated": 6518,
          "throughput_queries_per_sec": 8.565706552688807,
          "throughput_tokens_per_sec_aggregate": 2791.563765521282,
          "avg_tokens_per_sec_per_query": 18035.83143174116,
          "median_tokens_per_sec_per_query": 1236.0562797714933,
          "cache_hits": 12,
          "cache_misses": 8,
          "cache_hit_rate": 60.0
        }
      }
    },
    {
      "sample_size": 30,
      "strategies": {
        "No Cache": {
          "name": "No Cache",
          "total_queries": 30,
          "total_time": 1.2539963722229004,
          "total_tokens": 7612,
          "avg_latency": 0.04179987907409668,
          "median_latency": 0.037468671798706055,
          "min_latency": 0.0265655517578125,
          "max_latency": 0.13807892799377441,
          "stdev_latency": 0.01982111302505744,
          "avg_tokens_per_query": 253.73333333333332,
          "total_tokens_generated": 7612,
          "throughput_queries_per_sec": 23.923514185946495,
          "throughput_tokens_per_sec_aggregate": 6070.192999447491,
          "avg_tokens_per_sec_per_query": 6890.091084305227,
          "median_tokens_per_sec_per_query": 1715.880110576908,
          "cache_hits": 0,
          "cache_misses": 30,
          "cache_hit_rate": 0.0
        },
        "LRU Cache (Basic)": {
          "name": "LRU Cache (Basic)",
          "total_queries": 30,
          "total_time": 2.0888278484344482,
          "total_tokens": 7612,
          "avg_latency": 0.06962759494781494,
          "median_latency": 0.027234554290771484,
          "min_latency": 0.015087366104125977,
          "max_latency": 1.2720437049865723,
          "stdev_latency": 0.22724469935986844,
          "avg_tokens_per_query": 253.73333333333332,
          "total_tokens_generated": 7612,
          "throughput_queries_per_sec": 14.362121810317994,
          "throughput_tokens_per_sec_aggregate": 3644.1490406713524,
          "avg_tokens_per_sec_per_query": 9241.773877966763,
          "median_tokens_per_sec_per_query": 3271.067196964922,
          "cache_hits": 9,
          "cache_misses": 21,
          "cache_hit_rate": 30.0
        },
        "LRU Cache + Normalizer": {
          "name": "LRU Cache + Normalizer",
          "total_queries": 30,
          "total_time": 2.9700820446014404,
          "total_tokens": 7493,
          "avg_latency": 0.09900273482004801,
          "median_latency": 0.028746366500854492,
          "min_latency": 0.02202773094177246,
          "max_latency": 1.2508115768432617,
          "stdev_latency": 0.2671714899042324,
          "avg_tokens_per_query": 249.76666666666668,
          "total_tokens_generated": 7493,
          "throughput_queries_per_sec": 10.100731073920802,
          "throughput_tokens_per_sec_aggregate": 2522.825931229619,
          "avg_tokens_per_sec_per_query": 6870.340629770848,
          "median_tokens_per_sec_per_query": 2272.2097554129887,
          "cache_hits": 22,
          "cache_misses": 8,